NOME_VIA	LONG	LAT
Avenida Domingos Ferreira - Herculano Bandeira	-34.88847	-8.08539
Avenida Domingos Ferreira - Herculano Bandeira	-34.8882	-8.08568
Avenida Domingos Ferreira - Herculano Bandeira	-34.88802	-8.08586
Avenida Domingos Ferreira - Herculano Bandeira	-34.8878	-8.0861
Avenida Domingos Ferreira - Herculano Bandeira	-34.88767	-8.08624
Avenida Domingos Ferreira - Herculano Bandeira	-34.8876	-8.08631
Avenida Domingos Ferreira - Herculano Bandeira	-34.88755	-8.08636
Avenida Domingos Ferreira - Herculano Bandeira	-34.88752	-8.08639
Avenida Domingos Ferreira - Herculano Bandeira	-34.88747	-8.08644
Avenida Domingos Ferreira - Herculano Bandeira	-34.88692	-8.08702
Avenida Domingos Ferreira - Herculano Bandeira	-34.8863	-8.08767
Avenida Domingos Ferreira - Herculano Bandeira	-34.88616	-8.08782
Avenida Domingos Ferreira - Herculano Bandeira	-34.88601	-8.08797
Avenida Domingos Ferreira - Herculano Bandeira	-34.88577	-8.08822
Avenida Domingos Ferreira - Herculano Bandeira	-34.88566	-8.08834
Avenida Domingos Ferreira - Herculano Bandeira	-34.8855	-8.08851
Avenida Domingos Ferreira - Herculano Bandeira	-34.88532	-8.08869
Avenida Domingos Ferreira - Herculano Bandeira	-34.88513	-8.0889
Avenida Domingos Ferreira - Herculano Bandeira	-34.88508	-8.08894
Avenida Domingos Ferreira - Herculano Bandeira	-34.88487	-8.08917
Avenida Domingos Ferreira - Herculano Bandeira	-34.88471	-8.08933
Avenida Domingos Ferreira - Herculano Bandeira	-34.88466	-8.08939
Avenida Domingos Ferreira - Herculano Bandeira	-34.88462	-8.08943
Avenida Domingos Ferreira - Herculano Bandeira	-34.8846	-8.08948
Avenida Domingos Ferreira - Herculano Bandeira	-34.88458	-8.08951
Avenida Domingos Ferreira - Herculano Bandeira	-34.88457	-8.08955
Avenida Domingos Ferreira - Herculano Bandeira	-34.88456	-8.08961
Avenida Domingos Ferreira - Herculano Bandeira	-34.88454	-8.08967
Avenida Domingos Ferreira - Herculano Bandeira	-34.88454	-8.08971
Avenida Domingos Ferreira - Herculano Bandeira	-34.88452	-8.08979
Avenida Domingos Ferreira - Herculano Bandeira	-34.88452	-8.08988
Avenida Domingos Ferreira - Herculano Bandeira	-34.88452	-8.08995
Avenida Domingos Ferreira - Herculano Bandeira	-34.88452	-8.09002
Avenida Domingos Ferreira - Herculano Bandeira	-34.88453	-8.0901
Avenida Domingos Ferreira - Herculano Bandeira	-34.88454	-8.09014
Avenida Domingos Ferreira - Herculano Bandeira	-34.88455	-8.09018
Avenida Domingos Ferreira - Herculano Bandeira	-34.88456	-8.09023
Avenida Domingos Ferreira - Herculano Bandeira	-34.88457	-8.09029
Avenida Domingos Ferreira - Herculano Bandeira	-34.88467	-8.09061
Avenida Domingos Ferreira - Herculano Bandeira	-34.88476	-8.09094
Avenida Domingos Ferreira - Herculano Bandeira	-34.88478	-8.09101
Avenida Domingos Ferreira - Herculano Bandeira	-34.8848	-8.09109
Avenida Domingos Ferreira - Herculano Bandeira	-34.88498	-8.09179
Avenida Domingos Ferreira - Herculano Bandeira	-34.8852	-8.09255
Avenida Domingos Ferreira - Herculano Bandeira	-34.88532	-8.09296
Avenida Domingos Ferreira - Herculano Bandeira	-34.88535	-8.09299
Avenida Domingos Ferreira - Herculano Bandeira	-34.88537	-8.09301
Avenida Domingos Ferreira - Herculano Bandeira	-34.88539	-8.09304
Avenida Domingos Ferreira - Herculano Bandeira	-34.8854	-8.09308
Avenida Domingos Ferreira - Herculano Bandeira	-34.88542	-8.09312
Avenida Domingos Ferreira - Herculano Bandeira	-34.8855	-8.09339
Avenida Domingos Ferreira - Herculano Bandeira	-34.88551	-8.09341
Avenida Domingos Ferreira - Herculano Bandeira	-34.8857	-8.09405
Avenida Domingos Ferreira - Herculano Bandeira	-34.88576	-8.09431
Avenida Domingos Ferreira - Herculano Bandeira	-34.88583	-8.09465
Avenida Domingos Ferreira - Herculano Bandeira	-34.8859	-8.09499
Avenida Domingos Ferreira - Herculano Bandeira	-34.88592	-8.09513
Avenida Domingos Ferreira - Herculano Bandeira	-34886	-8.09559
Avenida Domingos Ferreira - Herculano Bandeira	-34.88601	-8.0957
Avenida Domingos Ferreira - Herculano Bandeira	-34.88603	-8.09582
Avenida Domingos Ferreira - Herculano Bandeira	-34.88606	-8.09597
Avenida Domingos Ferreira - Herculano Bandeira	-34.88613	-8.09631
Avenida Domingos Ferreira - Herculano Bandeira	-34.88624	-8.09682
Avenida Domingos Ferreira - Herculano Bandeira	-34.88634	-8.09735
Avenida Domingos Ferreira - Herculano Bandeira	-34.88644	-8.09791
Avenida Domingos Ferreira - Herculano Bandeira	-34.88653	-8.09843
Avenida Domingos Ferreira - Herculano Bandeira	-34.88659	-8.09864
Avenida Domingos Ferreira - Herculano Bandeira	-34.88664	-8.09874
Avenida Domingos Ferreira - Herculano Bandeira	-34.88671	-8.09889
Avenida Domingos Ferreira - Herculano Bandeira	-34.88686	-8.09921
Avenida Domingos Ferreira - Herculano Bandeira	-34.88701	-8.09957
Avenida Domingos Ferreira - Herculano Bandeira	-34.88717	-8.09993
Avenida Domingos Ferreira - Herculano Bandeira	-34.88753	-8.10071
Avenida Domingos Ferreira - Herculano Bandeira	-34.88809	-8.10191
Avenida Domingos Ferreira - Herculano Bandeira	-34.88815	-8.10205
Avenida Domingos Ferreira - Herculano Bandeira	-34.88829	-8.10236
Avenida Domingos Ferreira - Herculano Bandeira	-34.88855	-8.10295
Avenida Domingos Ferreira - Herculano Bandeira	-34.88881	-8.1035
Avenida Domingos Ferreira - Herculano Bandeira	-34.88902	-8.10398
Avenida Domingos Ferreira - Herculano Bandeira	-34.88935	-8.1047
Avenida Domingos Ferreira - Herculano Bandeira	-34.8897	-8.10541
Avenida Domingos Ferreira - Herculano Bandeira	-34.88984	-8.10573
Avenida Domingos Ferreira - Herculano Bandeira	-34.89002	-8.10612
Avenida Domingos Ferreira - Herculano Bandeira	-34.89005	-8.10619
Avenida Domingos Ferreira - Herculano Bandeira	-34.89073	-8.10765
Avenida Domingos Ferreira - Herculano Bandeira	-34.89088	-8.10796
Avenida Domingos Ferreira - Herculano Bandeira	-34.89104	-8.10827
Avenida Domingos Ferreira - Herculano Bandeira	-34.89121	-8.10856
Avenida Domingos Ferreira - Herculano Bandeira	-34.89131	-8.10873
Avenida Domingos Ferreira - Herculano Bandeira	-34.8916	-8.1092
Avenida Domingos Ferreira - Herculano Bandeira	-34.89181	-8.10954
Avenida Domingos Ferreira - Herculano Bandeira	-34.89191	-8.10972
Avenida Domingos Ferreira - Herculano Bandeira	-34.89202	-8.10989
Avenida Domingos Ferreira - Herculano Bandeira	-34.89226	-8.11026
Avenida Domingos Ferreira - Herculano Bandeira	-34.89241	-8.11051
Avenida Domingos Ferreira - Herculano Bandeira	-34.89259	-8.1108
Avenida Domingos Ferreira - Herculano Bandeira	-34.89276	-8.1111
Avenida Domingos Ferreira - Herculano Bandeira	-34.89279	-8.11116
Avenida Domingos Ferreira - Herculano Bandeira	-34.89279	-8.11117
Avenida Domingos Ferreira - Herculano Bandeira	-34.89282	-8.11121
Avenida Domingos Ferreira - Herculano Bandeira	-34.89313	-8.11173
Avenida Domingos Ferreira - Herculano Bandeira	-34.89325	-8.11195
Avenida Domingos Ferreira - Herculano Bandeira	-34.89341	-8.1122
Avenida Domingos Ferreira - Herculano Bandeira	-34.89356	-8.11245
Avenida Domingos Ferreira - Herculano Bandeira	-34.89382	-8.11288
Avenida Domingos Ferreira - Herculano Bandeira	-34.89405	-8.11327
Avenida Domingos Ferreira - Herculano Bandeira	-34.89444	-8.11388
Avenida Domingos Ferreira - Herculano Bandeira	-34.89456	-8.11406
Avenida Domingos Ferreira - Herculano Bandeira	-34.89481	-8.11449
Avenida Domingos Ferreira - Herculano Bandeira	-34.89506	-8.11492
Avenida Domingos Ferreira - Herculano Bandeira	-34.89553	-8.11572
Avenida Domingos Ferreira - Herculano Bandeira	-34.89554	-8.11576
Avenida Domingos Ferreira - Herculano Bandeira	-34.89578	-8.11616
Avenida Domingos Ferreira - Herculano Bandeira	-34.89603	-8.11656
Avenida Domingos Ferreira - Herculano Bandeira	-34.89635	-8.11709
Avenida Domingos Ferreira - Herculano Bandeira	-34.89653	-8.11739
Avenida Domingos Ferreira - Herculano Bandeira	-34.89678	-8.1178
Avenida Domingos Ferreira - Herculano Bandeira	-34.89704	-8.11822
Avenida Domingos Ferreira - Herculano Bandeira	-34.8973	-8.11865
Avenida Domingos Ferreira - Herculano Bandeira	-34.89756	-8.11907
Avenida Domingos Ferreira - Herculano Bandeira	-34.89785	-8.11955
Avenida Domingos Ferreira - Herculano Bandeira	-34.89801	-8.11981
Avenida Domingos Ferreira - Herculano Bandeira	-34.89806	-8.11984
Avenida Domingos Ferreira - Herculano Bandeira	-34.89807	-8.11985
Avenida Domingos Ferreira - Herculano Bandeira	-34.89809	-8.11986
Avenida Domingos Ferreira - Herculano Bandeira	-34.89813	-8.11993
Avenida Domingos Ferreira - Herculano Bandeira	-34.89839	-8.12033
Avenida Domingos Ferreira - Herculano Bandeira	-34.89855	-8.1206
Avenida Domingos Ferreira - Herculano Bandeira	-34.89871	-8.12087
Avenida Domingos Ferreira - Herculano Bandeira	-34.89878	-8.12099
Avenida Domingos Ferreira - Herculano Bandeira	-34.8989	-8.12119
Avenida Domingos Ferreira - Herculano Bandeira	-34899	-8.12138
Avenida Domingos Ferreira - Herculano Bandeira	-34.8991	-8.12158
Avenida Domingos Ferreira - Herculano Bandeira	-34.89912	-8.12162
Avenida Domingos Ferreira - Herculano Bandeira	-34.89921	-8.12189
Avenida Domingos Ferreira - Herculano Bandeira	-34.89932	-8.12219
Avenida Domingos Ferreira - Herculano Bandeira	-34.89935	-8.1223
Avenida Domingos Ferreira - Herculano Bandeira	-34.89947	-8.12258
Avenida Domingos Ferreira - Herculano Bandeira	-34.89958	-8.12286
Avenida Domingos Ferreira - Herculano Bandeira	-34.89983	-8.12357
Avenida Domingos Ferreira - Herculano Bandeira	-34.90005	-8.12416
Avenida Domingos Ferreira - Herculano Bandeira	-34.90015	-8.12443
Avenida Domingos Ferreira - Herculano Bandeira	-34.90025	-8.12469
Avenida Domingos Ferreira - Herculano Bandeira	-34.90044	-8.12518
Avenida Domingos Ferreira - Herculano Bandeira	-34.90062	-8.12567
Avenida Domingos Ferreira - Herculano Bandeira	-34.90075	-8.12603
Avenida Domingos Ferreira - Herculano Bandeira	-34.90089	-8.12643
Avenida Domingos Ferreira - Herculano Bandeira	-34.90115	-8.12707
Avenida Domingos Ferreira - Herculano Bandeira	-34.9012	-8.1272
Avenida Domingos Ferreira - Herculano Bandeira	-34.9014	-8.12772
Avenida Domingos Ferreira - Herculano Bandeira	-34.90147	-8.12791
Avenida Domingos Ferreira - Herculano Bandeira	-34.90151	-8.12802
Avenida Domingos Ferreira - Herculano Bandeira	-34.90158	-8.12816
Avenida Domingos Ferreira - Herculano Bandeira	-34.90158	-8.12818
Avenida Domingos Ferreira - Herculano Bandeira	-34.90164	-8.12829
Avenida Domingos Ferreira - Herculano Bandeira	-34.9018	-8.12863
Avenida Domingos Ferreira - Herculano Bandeira	-34.90184	-8.12873
Avenida Domingos Ferreira - Herculano Bandeira	-34.90211	-8.12928
Avenida Domingos Ferreira - Herculano Bandeira	-34.90221	-8.12949
Avenida Domingos Ferreira - Herculano Bandeira	-34.90231	-8.12976
Avenida Domingos Ferreira - Herculano Bandeira	-34.90233	-8.12984
Avenida Domingos Ferreira - Herculano Bandeira	-34.90239	-8.13
Avenida Domingos Ferreira - Herculano Bandeira	-34.90254	-8.13046
Avenida Domingos Ferreira - Herculano Bandeira	-34.90262	-8.13076
Avenida Domingos Ferreira - Herculano Bandeira	-34.90272	-8.13104
Avenida Domingos Ferreira - Herculano Bandeira	-34.90277	-8.1312
Avenida Domingos Ferreira - Herculano Bandeira	-34.90285	-8.13149
Avenida Domingos Ferreira - Herculano Bandeira	-34.90287	-8.13156
Avenida Marechal Mascarenhas de Moraes - Sentido Centro	-34.9139	-8.11981
Avenida Marechal Mascarenhas de Moraes - Sentido Centro	-34.91383	-8.11947
Avenida Marechal Mascarenhas de Moraes - Sentido Centro	-34.91379	-8.11926
Avenida Marechal Mascarenhas de Moraes - Sentido Centro	-34.91376	-8.11911
Avenida Marechal Mascarenhas de Moraes - Sentido Centro	-34.91373	-8.11895
Avenida Marechal Mascarenhas de Moraes - Sentido Centro	-34.91371	-8.1186
Avenida Marechal Mascarenhas de Moraes - Sentido Centro	-34.91368	-8.1184
Avenida Marechal Mascarenhas de Moraes - Sentido Centro	-34.91363	-8.11815
Avenida Marechal Mascarenhas de Moraes - Sentido Centro	-34.9135	-8.11742
Avenida Marechal Mascarenhas de Moraes - Sentido Centro	-34.91327	-8.11623
Avenida Marechal Mascarenhas de Moraes - Sentido Centro	-34.91325	-8.11614
Avenida Marechal Mascarenhas de Moraes - Sentido Centro	-34.91313	-8.11553
Avenida Marechal Mascarenhas de Moraes - Sentido Centro	-34.91305	-8.11504
Avenida Marechal Mascarenhas de Moraes - Sentido Centro	-34.91273	-8.11346
Avenida Marechal Mascarenhas de Moraes - Sentido Centro	-34.91254	-8.11252
Avenida Marechal Mascarenhas de Moraes - Sentido Centro	-34.91246	-8.1122
Avenida Marechal Mascarenhas de Moraes - Sentido Centro	-34.91243	-8.11202
Avenida Marechal Mascarenhas de Moraes - Sentido Centro	-34.91233	-8.11144
Avenida Marechal Mascarenhas de Moraes - Sentido Centro	-34.91216	-8.11059
Avenida Marechal Mascarenhas de Moraes - Sentido Centro	-34.91213	-8.11042
Avenida Marechal Mascarenhas de Moraes - Sentido Centro	-34.91209	-8.11022
Avenida Marechal Mascarenhas de Moraes - Sentido Centro	-34.91206	-8.1101
Avenida Marechal Mascarenhas de Moraes - Sentido Centro	-34.91191	-8.10937
Avenida Marechal Mascarenhas de Moraes - Sentido Centro	-34.91178	-8.10891
Avenida Marechal Mascarenhas de Moraes - Sentido Centro	-34.9117	-8.10855
Avenida Marechal Mascarenhas de Moraes - Sentido Centro	-34.91162	-8.10815
Avenida Marechal Mascarenhas de Moraes - Sentido Centro	-34.91158	-8.10794
Avenida Marechal Mascarenhas de Moraes - Sentido Centro	-34.91153	-8.10766
Avenida Marechal Mascarenhas de Moraes - Sentido Centro	-34.91144	-8.10723
Avenida Marechal Mascarenhas de Moraes - Sentido Centro	-34.91127	-8.10643
Avenida Marechal Mascarenhas de Moraes - Sentido Centro	-34.91121	-8.10611
Avenida Marechal Mascarenhas de Moraes - Sentido Centro	-34.9111	-8.10552
Avenida Marechal Mascarenhas de Moraes - Sentido Centro	-34.91099	-8.10494
Avenida Marechal Mascarenhas de Moraes - Sentido Centro	-34.91075	-8.10369
Avenida Marechal Mascarenhas de Moraes - Sentido Centro	-34.91065	-8.10321
Avenida Marechal Mascarenhas de Moraes - Sentido Centro	-34.91058	-8.10285
Avenida Marechal Mascarenhas de Moraes - Sentido Centro	-34.91055	-8.10266
Avenida Marechal Mascarenhas de Moraes - Sentido Centro	-34.91029	-8.10137
Avenida Marechal Mascarenhas de Moraes - Sentido Centro	-34.91028	-8.10131
Avenida Marechal Mascarenhas de Moraes - Sentido Centro	-34.91022	-8.10096
Avenida Marechal Mascarenhas de Moraes - Sentido Centro	-34.91015	-8.10063
Avenida Marechal Mascarenhas de Moraes - Sentido Centro	-34.91006	-8.0996
Avenida Marechal Mascarenhas de Moraes - Sentido Centro	-34.91005	-8.09933
Avenida Marechal Mascarenhas de Moraes - Sentido Centro	-34.91005	-8.09906
Avenida Marechal Mascarenhas de Moraes - Sentido Centro	-34.91005	-8.09905
Avenida Marechal Mascarenhas de Moraes - Sentido Centro	-34.91005	-8.09881
Avenida Marechal Mascarenhas de Moraes - Sentido Centro	-34.91005	-8.09878
Avenida Marechal Mascarenhas de Moraes - Sentido Centro	-34.91004	-8.09857
Avenida Marechal Mascarenhas de Moraes - Sentido Centro	-34.91003	-8.09847
Avenida Marechal Mascarenhas de Moraes - Sentido Centro	-34.90999	-8.09821
Avenida Marechal Mascarenhas de Moraes - Sentido Centro	-34.90994	-8.09794
Avenida Marechal Mascarenhas de Moraes - Sentido Centro	-34.90991	-8.09782
Avenida Marechal Mascarenhas de Moraes - Sentido Centro	-34.90986	-8.09755
Avenida Marechal Mascarenhas de Moraes - Sentido Centro	-34.90979	-8.09718
Avenida Marechal Mascarenhas de Moraes - Sentido Centro	-34.90964	-8.0965
Avenida Marechal Mascarenhas de Moraes - Sentido Centro	-34.90963	-8.09643
Avenida Marechal Mascarenhas de Moraes - Sentido Centro	-34.90961	-8.09636
Avenida Marechal Mascarenhas de Moraes - Sentido Centro	-34.90944	-8.09563
Avenida Marechal Mascarenhas de Moraes - Sentido Centro	-34.90927	-8.09491
Avenida Marechal Mascarenhas de Moraes - Sentido Centro	-34.90849	-8.09131
Avenida Marechal Mascarenhas de Moraes - Sentido Centro	-34.90841	-8.09113
Avenida Marechal Mascarenhas de Moraes - Sentido Centro	-34.9084	-8.09104
Avenida Marechal Mascarenhas de Moraes - Sentido Centro	-34.90838	-8.09098
Avenida Marechal Mascarenhas de Moraes - Sentido Centro	-34.90837	-8.09091
Avenida Marechal Mascarenhas de Moraes - Sentido Centro	-34.9083	-8.09055
Avenida Marechal Mascarenhas de Moraes - Sentido Centro	-34.90826	-8.09039
Avenida Marechal Mascarenhas de Moraes - Sentido Centro	-34.90821	-8.09014
Avenida Marechal Mascarenhas de Moraes - Sentido Centro	-34.90817	-8.08997
Avenida Marechal Mascarenhas de Moraes - Sentido Centro	-34.90804	-8.08946
Avenida Marechal Mascarenhas de Moraes - Sentido Centro	-34.90799	-8.08922
Avenida Marechal Mascarenhas de Moraes - Sentido Centro	-34.90794	-8.08895
Avenida Marechal Mascarenhas de Moraes - Sentido Centro	-34.90786	-8.0886
Avenida Marechal Mascarenhas de Moraes - Sentido Centro	-34.90773	-8.08806
Avenida Marechal Mascarenhas de Moraes - Sentido Centro	-34.90752	-8.08712
Avenida Marechal Mascarenhas de Moraes - Sentido Centro	-34.90751	-8.08708
Avenida Marechal Mascarenhas de Moraes - Sentido Centro	-34.90746	-8.08693
Avenida Marechal Mascarenhas de Moraes - Sentido Centro	-34.90733	-8.08642
Avenida Marechal Mascarenhas de Moraes - Sentido Centro	-34.90731	-8.08634
Avenida Marechal Mascarenhas de Moraes - Sentido Centro	-34.90721	-8.08577
Avenida Marechal Mascarenhas de Moraes - Sentido Centro	-34.90715	-8.08548
Avenida Marechal Mascarenhas de Moraes - Sentido Centro	-34.90701	-8.08484
Avenida Marechal Mascarenhas de Moraes - Sentido Centro	-34.90698	-8.08465
Avenida Marechal Mascarenhas de Moraes - Sentido Centro	-34.90693	-8.08435
Avenida Marechal Mascarenhas de Moraes - Sentido Centro	-34.90688	-8.08411
Avenida Marechal Mascarenhas de Moraes - Sentido Suburbio	-34.90698	-8.08406
Avenida Marechal Mascarenhas de Moraes - Sentido Suburbio	-34.90698	-8.08408
Avenida Marechal Mascarenhas de Moraes - Sentido Suburbio	-34.90705	-8.08433
Avenida Marechal Mascarenhas de Moraes - Sentido Suburbio	-34.90711	-8.08457
Avenida Marechal Mascarenhas de Moraes - Sentido Suburbio	-34.9072	-8.08489
Avenida Marechal Mascarenhas de Moraes - Sentido Suburbio	-34.90726	-8.08521
Avenida Marechal Mascarenhas de Moraes - Sentido Suburbio	-34.90733	-8.08549
Avenida Marechal Mascarenhas de Moraes - Sentido Suburbio	-34.90735	-8.08556
Avenida Marechal Mascarenhas de Moraes - Sentido Suburbio	-34.90739	-8.08574
Avenida Marechal Mascarenhas de Moraes - Sentido Suburbio	-34.90751	-8.08633
Avenida Marechal Mascarenhas de Moraes - Sentido Suburbio	-34.90753	-8.08641
Avenida Marechal Mascarenhas de Moraes - Sentido Suburbio	-34.90763	-8.0869
Avenida Marechal Mascarenhas de Moraes - Sentido Suburbio	-34.90765	-8.08697
Avenida Marechal Mascarenhas de Moraes - Sentido Suburbio	-34.90767	-8.08707
Avenida Marechal Mascarenhas de Moraes - Sentido Suburbio	-34.90788	-8.08804
Avenida Marechal Mascarenhas de Moraes - Sentido Suburbio	-34.90799	-8.08856
Avenida Marechal Mascarenhas de Moraes - Sentido Suburbio	-34.90811	-8.08904
Avenida Marechal Mascarenhas de Moraes - Sentido Suburbio	-34.9082	-8.0894
Avenida Marechal Mascarenhas de Moraes - Sentido Suburbio	-34.90823	-8.08957
Avenida Marechal Mascarenhas de Moraes - Sentido Suburbio	-34.90831	-8.08992
Avenida Marechal Mascarenhas de Moraes - Sentido Suburbio	-34.90835	-8.09008
Avenida Marechal Mascarenhas de Moraes - Sentido Suburbio	-34.90839	-8.09023
Avenida Marechal Mascarenhas de Moraes - Sentido Suburbio	-34.90843	-8.09037
Avenida Marechal Mascarenhas de Moraes - Sentido Suburbio	-34.90853	-8.09082
Avenida Marechal Mascarenhas de Moraes - Sentido Suburbio	-34.90859	-8.09109
Avenida Marechal Mascarenhas de Moraes - Sentido Suburbio	-34.9086	-8.09117
Avenida Marechal Mascarenhas de Moraes - Sentido Suburbio	-34.90863	-8.09129
Avenida Marechal Mascarenhas de Moraes - Sentido Suburbio	-34.90866	-8.0914
Avenida Marechal Mascarenhas de Moraes - Sentido Suburbio	-34.90867	-8.09145
Avenida Marechal Mascarenhas de Moraes - Sentido Suburbio	-34.90906	-8.09322
Avenida Marechal Mascarenhas de Moraes - Sentido Suburbio	-34.90923	-8.09399
Avenida Marechal Mascarenhas de Moraes - Sentido Suburbio	-34.90934	-8.0945
Avenida Marechal Mascarenhas de Moraes - Sentido Suburbio	-34.90957	-8.09548
Avenida Marechal Mascarenhas de Moraes - Sentido Suburbio	-34.9098	-8.09646
Avenida Marechal Mascarenhas de Moraes - Sentido Suburbio	-34.9099	-8.09691
Avenida Marechal Mascarenhas de Moraes - Sentido Suburbio	-34.90996	-8.09719
Avenida Marechal Mascarenhas de Moraes - Sentido Suburbio	-34.91002	-8.09747
Avenida Marechal Mascarenhas de Moraes - Sentido Suburbio	-34.91008	-8.09775
Avenida Marechal Mascarenhas de Moraes - Sentido Suburbio	-34.91012	-8.09804
Avenida Marechal Mascarenhas de Moraes - Sentido Suburbio	-34.91016	-8.09832
Avenida Marechal Mascarenhas de Moraes - Sentido Suburbio	-34.91017	-8.09839
Avenida Marechal Mascarenhas de Moraes - Sentido Suburbio	-34.91017	-8.09845
Avenida Marechal Mascarenhas de Moraes - Sentido Suburbio	-34.91025	-8.09979
Avenida Marechal Mascarenhas de Moraes - Sentido Suburbio	-34.91027	-8.10024
Avenida Marechal Mascarenhas de Moraes - Sentido Suburbio	-34.91032	-8.10065
Avenida Marechal Mascarenhas de Moraes - Sentido Suburbio	-34.91045	-8.10137
Avenida Marechal Mascarenhas de Moraes - Sentido Suburbio	-34.91051	-8.10168
Avenida Marechal Mascarenhas de Moraes - Sentido Suburbio	-34.91065	-8.10235
Avenida Marechal Mascarenhas de Moraes - Sentido Suburbio	-34.91073	-8.10272
Avenida Marechal Mascarenhas de Moraes - Sentido Suburbio	-34.91091	-8.10361
Avenida Marechal Mascarenhas de Moraes - Sentido Suburbio	-34.91092	-8.10369
Avenida Marechal Mascarenhas de Moraes - Sentido Suburbio	-34.91115	-8.10476
Avenida Marechal Mascarenhas de Moraes - Sentido Suburbio	-34.91117	-8.10489
Avenida Marechal Mascarenhas de Moraes - Sentido Suburbio	-34.91138	-8.10592
Avenida Marechal Mascarenhas de Moraes - Sentido Suburbio	-34.91146	-8.10636
Avenida Marechal Mascarenhas de Moraes - Sentido Suburbio	-34.91162	-8.1072
Avenida Marechal Mascarenhas de Moraes - Sentido Suburbio	-34.91166	-8.10744
Avenida Marechal Mascarenhas de Moraes - Sentido Suburbio	-34.91169	-8.10763
Avenida Marechal Mascarenhas de Moraes - Sentido Suburbio	-34.91189	-8.1086
Avenida Marechal Mascarenhas de Moraes - Sentido Suburbio	-34.91192	-8.1088
Avenida Marechal Mascarenhas de Moraes - Sentido Suburbio	-34.91197	-8.10903
Avenida Marechal Mascarenhas de Moraes - Sentido Suburbio	-34.91211	-8.10959
Avenida Marechal Mascarenhas de Moraes - Sentido Suburbio	-34.91219	-8.11001
Avenida Marechal Mascarenhas de Moraes - Sentido Suburbio	-34.91236	-8.11094
Avenida Marechal Mascarenhas de Moraes - Sentido Suburbio	-34.91246	-8.11141
Avenida Marechal Mascarenhas de Moraes - Sentido Suburbio	-34.91264	-8.1123
Avenida Marechal Mascarenhas de Moraes - Sentido Suburbio	-34.91269	-8.11255
Avenida Marechal Mascarenhas de Moraes - Sentido Suburbio	-34.91316	-8.11491
Avenida Marechal Mascarenhas de Moraes - Sentido Suburbio	-34.91319	-8.11509
Avenida Marechal Mascarenhas de Moraes - Sentido Suburbio	-34.9133	-8.11559
Avenida Marechal Mascarenhas de Moraes - Sentido Suburbio	-34.91338	-8.11609
Avenida Marechal Mascarenhas de Moraes - Sentido Suburbio	-34.9134	-8.11623
Avenida Marechal Mascarenhas de Moraes - Sentido Suburbio	-34.91364	-8.11739
Avenida Marechal Mascarenhas de Moraes - Sentido Suburbio	-34.91378	-8.11813
Avenida Marechal Mascarenhas de Moraes - Sentido Suburbio	-34.91384	-8.11859
Avenida Marechal Mascarenhas de Moraes - Sentido Suburbio	-34.91393	-8.11904
Avenida Marechal Mascarenhas de Moraes - Sentido Suburbio	-34.91396	-8.11922
Avenida Marechal Mascarenhas de Moraes - Sentido Suburbio	-34.91399	-8.1194
Avenida Marechal Mascarenhas de Moraes - Sentido Suburbio	-34.91436	-8.12134
Rua Cosme Viana	-34.90975815107413	-8.062249407703696
Rua Cosme Viana	-34.90971988244532	-8.062424116777587
Rua Cosme Viana	-34.90968089328477	-8.062611880058132
Rua Cosme Viana	-34.90964893713108	-8.062799026195409
Rua Cosme Viana	-34.90959394609048	-8.063075298156491
Rua Cosme Viana	-34.90953704176472	-8.063360344535473
Rua Cosme Viana	-34.90946410811247	-8.06372805606593
Rua Cosme Viana	-34.909333482715354	-8.064379648948686
Rua Cosme Viana	-34.90931214928983	-8.064498179953974
Rua Cosme Viana	-34.909258136159934	-8.06477464218505
Rua Cosme Viana	-34.90920731110251	-8.065022455612917
Rua Cosme Viana	-34.90917012928367	-8.065262219113677
Rua Cosme Viana	-34.909074822683024	-8.065776905727265
Rua Cosme Viana	-34.90905610137665	-8.065952302894921
Rua Cosme Viana	-34.909052189605354	-8.066118281171004
Rua Cosme Viana	-34.90906376676557	-8.066253021041735
Rua Cosme Viana	-34.909082295675255	-8.066369807936484
Rua Cosme Viana	-34.90910709330165	-8.066489682225242
Rua Cosme Viana	-34.90913809748808	-8.066599398558935
Rua Cosme Viana	-34.90917291541884	-8.066688839075152
Rua Cosme Viana	-34.909237736443245	-8.066841251264108
Rua Cosme Viana	-34.90929231419166	-8.066976569779072
Rua Cosme Viana	-34.909385560311144	-8.067188844320915
Rua Cosme Viana	-34.909479665120955	-8.06741747706591
Rua Cosme Viana	-34.909560238700614	-8.067594748644318
Rua Cosme Viana	-34.90965187042608	-8.067796122416706
Rua Cosme Viana	-34.90980201482738	-8.068138250242189
Rua Cosme Viana	-34.9098194462144	-8.068229330039394
Rua Cosme Viana	-34.90984469371215	-8.068361668574942
Rua Cosme Viana	-34.909860597884034	-8.068418862259664
Rua Cosme Viana	-34.90988761170476	-8.068552750855769
Rua Cosme Viana	-34.909898126203714	-8.068669185431874
Rua Cosme Viana	-34.909898717146625	-8.06879501615395
Rua Cosme Viana	-34.90988231055904	-8.06896377967422
Rua Cosme Viana	-34.90985586728755	-8.069159470852776
Rua Cosme Viana	-34.909797362010615	-8.069519713241645
Rua Cosme Viana	-34.9097639377286	-8.06972712431494
Rua Cosme Viana	-34.90972199452244	-8.069951716536563
Rua Cosme Viana	-34.90968617002929	-8.07014745149336
Rua Cosme Viana	-34.90961441189333	-8.070598916839621
Rua Cosme Viana	-34.909530076580275	-8.071119006494678
Rua Cosme Viana	-34.909425839722026	-8.07172957097145
Rua Cosme Viana	-34.90932540914053	-8.07231830138471
Rua Cosme Viana	-34.90906056777384	-8.073855640766045
Rua Cosme Viana	-34.908989516699876	-8.074374499836344
Rua Cosme Viana	-34.908976264593186	-8.074549092360371
Rua Cosme Viana	-34.90898421557786	-8.074743843979196
Rua Cosme Viana	-34.90905590163837	-8.075358652219482
Rua Cosme Viana	-34.90909724462102	-8.075755049077062
Rua Real da Torre	-34.90878599174146	-8.04110036878788
Rua Real da Torre	-34.90861477402136	-8.041587101256326
Rua Real da Torre	-34.908512820675185	-8.041857539934146
Rua Real da Torre	-34.90849650612976	-8.04196924990031
Rua Real da Torre	-34.908483078747686	-8.04207219083176
Rua Real da Torre	-34.90847416980403	-8.04220210726639
Rua Real da Torre	-34.90847884181092	-8.04226191563246
Rua Real da Torre	-34.90848649654083	-8.04233338429943
Rua Real da Torre	-34.90849404548312	-8.042382234770706
Rua Real da Torre	-34.908510515292186	-8.04246022919047
Rua Real da Torre	-34.90854543601846	-8.042570241811136
Rua Real da Torre	-34.90856992063939	-8.042640172995005
Rua Real da Torre	-34.9086142007978	-8.042716578899329
Rua Real da Torre	-34.908797222238974	-8.043031660256817
Rua Real da Torre	-34.90917567988883	-8.043655198090866
Rua Real da Torre	-34.90935566830776	-8.043947674417218
Rua Real da Torre	-34.90957920895811	-8.04431728933457
Rua Real da Torre	-34.909775507708794	-8.044653467550019
Rua Real da Torre	-34.90981755811034	-8.044722587242147
Rua Real da Torre	-34.90986187978301	-8.044807748319045
Rua Real da Torre	-34.9098878029906	-8.044878512538896
Rua Real da Torre	-34.90990720339815	-8.044950545842253
Rua Real da Torre	-34.90991998489254	-8.04503166168334
Rua Real da Torre	-34.90992556480044	-8.04511973560805
Rua Real da Torre	-34.90992289073244	-8.045252176684366
Rua Real da Torre	-34.909910718396745	-8.045348236690304
Rua Real da Torre	-34.90987146916388	-8.045480486115839
Rua Real da Torre	-34.90972112994687	-8.045928810266693
Rua Real da Torre	-34.9096290114086	-8.04620622855057
Rua Real da Torre	-34.90952182025537	-8.04652287655605
Rua Real da Torre	-34.90924942536775	-8.04736760107449
Rua Real da Torre	-34.90913496017077	-8.047701941300575
Rua Real da Torre	-34.90908161257524	-8.04787803137053
Rua Real da Torre	-34.90870490992542	-8.048998860605725
Rua Real da Torre	-34.908475398109076	-8.049700012581043
Rua Real da Torre	-34.90833458987859	-8.050115100014803
Rua Real da Torre	-34.90827830683589	-8.050289744495517
Rua Real da Torre	-34.90824889078522	-8.050417567400213
Rua Real da Torre	-34.90822896397385	-8.050539509097211
Rua Real da Torre	-34.90822499867431	-8.050630731899702
Rua Real da Torre	-34.908223161195785	-8.05070735210869
Rua Real da Torre	-34.90823073099395	-8.0507605802511
Rua Real da Torre	-34.90830087783593	-8.051201683100158
Rua Real da Torre	-34.908524337893724	-8.052491002730504
Rua Real da Torre	-34.908675890811494	-8.053393038076479
Avenida Conselheiro Aguiar	-34.90145455315575	-8.132027015891559
Avenida Conselheiro Aguiar	-34.90133903773885	-8.13128697677505
Avenida Conselheiro Aguiar	-34.9012697903805	-8.130887095871852
Avenida Conselheiro Aguiar	-34.90120780670247	-8.13070789559559
Avenida Conselheiro Aguiar	-34.9008062361778	-8.129590513345667
Avenida Conselheiro Aguiar	-34.900388214615944	-8.128428927288228
Avenida Conselheiro Aguiar	-34.89984212073896	-8.126949452630768
Avenida Conselheiro Aguiar	-34.89968196803659	-8.126525005600241
Avenida Conselheiro Aguiar	-34.89954063493015	-8.126161212706661
Avenida Conselheiro Aguiar	-34.89948215678923	-8.125987467686766
Avenida Conselheiro Aguiar	-34.89928873828469	-8.125495456342922
Avenida Conselheiro Aguiar	-34.89919155177308	-8.125235498528678
Avenida Conselheiro Aguiar	-34.8991439578088	-8.125099050813205
Avenida Conselheiro Aguiar	-34.89900506714226	-8.124728884565704
Avenida Conselheiro Aguiar	-34.898880148478035	-8.124395796023897
Avenida Conselheiro Aguiar	-34.898717261488194	-8.123958637838369
Avenida Conselheiro Aguiar	-34.897987543572874	-8.122007620451567
Avenida Conselheiro Aguiar	-34.89784567024428	-8.121703339723423
Avenida Conselheiro Aguiar	-34.897364050597254	-8.120880640246128
Avenida Conselheiro Aguiar	-34.8966601364744	-8.119685697986425
Avenida Conselheiro Aguiar	-34.89568157188847	-8.11801902232808
Avenida Conselheiro Aguiar	-34.8950799815784	-8.11699269204941
Avenida Conselheiro Aguiar	-34.89470753517927	-8.116349858766892
Avenida Conselheiro Aguiar	-34.893850443720794	-8.114938097104444
Avenida Conselheiro Aguiar	-34.89269940104851	-8.113064537206538
Avenida Conselheiro Aguiar	-34.89152454306306	-8.11114875727244
Avenida Conselheiro Aguiar	-34.891173317501135	-8.110582619872412
Avenida Conselheiro Aguiar	-34.89068987256784	-8.109781461694595
Avenida Conselheiro Aguiar	-34.89063447204412	-8.109691836238204
Avenida Conselheiro Aguiar	-34.89057519527928	-8.109565906352731
Avenida Conselheiro Aguiar	-34.89013448827575	-8.108589708545923
Avenida Conselheiro Aguiar	-34.88920823871537	-8.10655933218877
Avenida Conselheiro Aguiar	-34.88829694839123	-8.104555046641346
Avenida Conselheiro Aguiar	-34.88743327367681	-8.102658118701934
Avenida Conselheiro Aguiar	-34.88566248658921	-8.098749789986648
Avenida Conselheiro Aguiar	-34.88526613460651	-8.097873724811123
Avenida Conselheiro Aguiar	-34.8852105339974	-8.09774038869402
Avenida Conselheiro Aguiar	-34.88516792892946	-8.09761191760455
Avenida Conselheiro Aguiar	-34.88497289410873	-8.09691930452923
Avenida Conselheiro Aguiar	-34.884833519404935	-8.096439136438564
Avenida Conselheiro Aguiar	-34.884637635108035	-8.095696352472446
Avenida Conselheiro Aguiar	-34.88456039227707	-8.09542552135158
Avenida Conselheiro Aguiar	-34.88441839631601	-8.094912736233912
Avenida Conselheiro Aguiar	-34.883970694737215	-8.093287367657629
Avenida Conselheiro Aguiar	-34.88384589308112	-8.092818520631548
Avenida Conselheiro Aguiar	-34.88380995852722	-8.092662930362424
Avenida Conselheiro Aguiar	-34.8837998251825	-8.092542774051394
Avenida Conselheiro Aguiar	-34.88373831115096	-8.091900794847083
Avenida Conselheiro Aguiar	-34.8837032133783	-8.091526341798886
Avenida Conselheiro Aguiar	-34.88367679113281	-8.091224186029324
Avenida Conselheiro Aguiar	-34.88364068838918	-8.09083280756208
Avenida Conselheiro Aguiar	-34.88362106804993	-8.090665060077539
Avenida Conselheiro Aguiar	-34.88359993873604	-8.090554804637812
Avenida Conselheiro Aguiar	-34.88357686612025	-8.09047503218182
Avenida Conselheiro Aguiar	-34.88354271294341	-8.090403621928505
Avenida Conselheiro Aguiar	-34.883492350759084	-8.090333671613212
Avenida Conselheiro Aguiar	-34.88278216116303	-8.08964851036122
Avenida Recife - Sentido BR	-34.919424768734906	-8.120224669034224
Avenida Recife - Sentido BR	-34.91948482308945	-8.12018698660102
Avenida Recife - Sentido BR	-34.91973527297053	-8.120044519447367
Avenida Recife - Sentido BR	-34.92048334084848	-8.119609283587312
Avenida Recife - Sentido BR	-34.920816441444465	-8.119406864307011
Avenida Recife - Sentido BR	-34.92100347663258	-8.119277623990607
Avenida Recife - Sentido BR	-34.921063506521556	-8.119234862612728
Avenida Recife - Sentido BR	-34.92113315420826	-8.119168508240069
Avenida Recife - Sentido BR	-34.92124847972428	-8.119061768807466
Avenida Recife - Sentido BR	-34.92157524899488	-8.118697316229932
Avenida Recife - Sentido BR	-34.92230398743202	-8.117852164524791
Avenida Recife - Sentido BR	-34.92285790165393	-8.117219766135111
Avenida Recife - Sentido BR	-34.92347314769015	-8.116526592674198
Avenida Recife - Sentido BR	-34.92413066524212	-8.115759344296638
Avenida Recife - Sentido BR	-34.92438300487855	-8.115479505641982
Avenida Recife - Sentido BR	-34.924661318227216	-8.115156835346873
Avenida Recife - Sentido BR	-34.92485853600708	-8.114928738506913
Avenida Recife - Sentido BR	-34.92541291898538	-8.114299106469067
Avenida Recife - Sentido BR	-34.92555992928479	-8.11413311685797
Avenida Recife - Sentido BR	-34.92586490635534	-8.11376691873789
Avenida Recife - Sentido BR	-34.92595781851822	-8.11362427071947
Avenida Recife - Sentido BR	-34.926040039225086	-8.11347428580249
Avenida Recife - Sentido BR	-34.92613371627284	-8.11329769801659
Avenida Recife - Sentido BR	-34.926212118210366	-8.11312418363148
Avenida Recife - Sentido BR	-34.926250994041965	-8.11301780504088
Avenida Recife - Sentido BR	-34.926301032656525	-8.112823185871857
Avenida Recife - Sentido BR	-34.926340481025925	-8.112642468280862
Avenida Recife - Sentido BR	-34.92634854356993	-8.112584253915099
Avenida Recife - Sentido BR	-34.92641410247296	-8.112146236956669
Avenida Recife - Sentido BR	-34.926486625738015	-8.111613996988481
Avenida Recife - Sentido BR	-34.92652977105804	-8.111333992971053
Avenida Recife - Sentido BR	-34.92672332894048	-8.109948852728268
Avenida Recife - Sentido BR	-34.92699912370576	-8.108028194825847
Avenida Recife - Sentido BR	-34.927151867824364	-8.106926279804558
Avenida Recife - Sentido Aeroporto	-34.927332865699015	-8.106941583939731
Avenida Recife - Sentido Aeroporto	-34.92730528561742	-8.107084846321357
Avenida Recife - Sentido Aeroporto	-34.92722035834035	-8.107687787313987
Avenida Recife - Sentido Aeroporto	-34.9270405780312	-8.108949814812037
Avenida Recife - Sentido Aeroporto	-34.927014910475094	-8.109105534503346
Avenida Recife - Sentido Aeroporto	-34.926915548890406	-8.109839440341547
Avenida Recife - Sentido Aeroporto	-34.92683981139373	-8.11037769773601
Avenida Recife - Sentido Aeroporto	-34.92674407008433	-8.111044868543598
Avenida Recife - Sentido Aeroporto	-34.92668493147804	-8.11142029255972
Avenida Recife - Sentido Aeroporto	-34.926611137278236	-8.111977471178834
Avenida Recife - Sentido Aeroporto	-34.92658636766728	-8.112127184348305
Avenida Recife - Sentido Aeroporto	-34.92656933396901	-8.112296022143106
Avenida Recife - Sentido Aeroporto	-34.926551886078464	-8.112426539465137
Avenida Recife - Sentido Aeroporto	-34.92650534516531	-8.112723181335834
Avenida Recife - Sentido Aeroporto	-34.926466362386186	-8.112904358440726
Avenida Recife - Sentido Aeroporto	-34.92643582625413	-8.113010697587027
Avenida Recife - Sentido Aeroporto	-34.92638416244509	-8.113155920827257
Avenida Recife - Sentido Aeroporto	-34.926329198235976	-8.113289155061729
Avenida Recife - Sentido Aeroporto	-34.926226893161385	-8.113502490116687
Avenida Recife - Sentido Aeroporto	-34.92616303574845	-8.113616836054314
Avenida Recife - Sentido Aeroporto	-34.92599701089639	-8.1138761823906
Avenida Recife - Sentido Aeroporto	-34.9258736079247	-8.114037443284708
Avenida Recife - Sentido Aeroporto	-34.92570400972884	-8.114227549042255
Avenida Recife - Sentido Aeroporto	-34.92490362805484	-8.115154766384414
Avenida Recife - Sentido Aeroporto	-34.92454276812933	-8.11555908912688
Avenida Recife - Sentido Aeroporto	-34.924117436463995	-8.116046363705816
Avenida Recife - Sentido Aeroporto	-34.923524813597766	-8.116722347314226
Avenida Recife - Sentido Aeroporto	-34.92293216245323	-8.11739279002293
Avenida Recife - Sentido Aeroporto	-34.92230915866524	-8.118111394231859
Avenida Recife - Sentido Aeroporto	-34.921322019103194	-8.119229255854327
Avenida Recife - Sentido Aeroporto	-34.921168422254595	-8.119374960251145
Avenida Recife - Sentido Aeroporto	-34.92101607039803	-8.11949018539052
Avenida Recife - Sentido Aeroporto	-34.920142822644216	-8.12000588991749
Avenida Recife - Sentido Aeroporto	-34.91955267161006	-8.120351384331812
Estrada dos Remedios	-34.90734984750607	-8.075625549348427
Estrada dos Remedios	-34.907362019465495	-8.075553810286317
Estrada dos Remedios	-34.90742758696813	-8.075198729091532
Estrada dos Remedios	-34.90786630057211	-8.072505740400661
Estrada dos Remedios	-34.90813395528735	-8.070900471380686
Estrada dos Remedios	-34.90841781895197	-8.069195395120328
Estrada dos Remedios	-34.908431578218845	-8.069017683573655
Estrada dos Remedios	-34.90844289202995	-8.068763106770492
Estrada dos Remedios	-34.90841494178015	-8.068360154033567
Estrada dos Remedios	-34.90832100122947	-8.067666624152748
Estrada dos Remedios	-34.908081563874795	-8.065732317612053
Estrada dos Remedios	-34.90802553983582	-8.065344039684506
Estrada dos Remedios	-34.907969452659046	-8.064942256647997
Estrada dos Remedios	-34.90761872407553	-8.062168537085658
Estrada dos Remedios	-34.907426088414795	-8.060654235174976
Estrada dos Remedios	-34.9071225468498	-8.058271429863998
Estrada dos Remedios	-34.90704567889877	-8.057215251534203
Estrada dos Remedios	-34.906960410958895	-8.056034447094637
Estrada dos Remedios	-34.90692706230095	-8.055590483031466
Estrada dos Remedios	-34.906881323992295	-8.055004770076577
Estrada dos Remedios	-34.90676927819815	-8.053446977992385
Estrada dos Remedios	-34.90643060992378	-8.049232534891386
Estrada dos Remedios	-34.90635956910555	-8.048250348059318
Estrada dos Remedios	-34.906358222732464	-8.048129584991742
Estrada dos Remedios	-34.90636560284057	-8.048036051884585
Estrada dos Remedios	-34.90638279093718	-8.047950264792979
Estrada dos Remedios	-34.90660988488094	-8.047281083001977
Estrada dos Remedios	-34.90697756408144	-8.046166739306155
Estrada dos Remedios	-34.90712175665038	-8.045740649971037
Estrada dos Remedios	-34.907432406576895	-8.04480188152645
Estrada dos Remedios	-34.907854227127864	-8.043564179763932
Avenida Antonio de Goes	-34.88269206079924	-8.08943296693613
Avenida Antonio de Goes	-34.88294578238835	-8.08918402255149
Avenida Antonio de Goes	-34.8833857949145	-8.088728908967985
Avenida Antonio de Goes	-34.88533944225785	-8.08667867898382
Avenida Antonio de Goes	-34.88557462786635	-8.086437416079296
Avenida Antonio de Goes	-34.88644022114791	-8.085536796931736
Avenida Governador Agamenon Magalhaes - Sentido Olinda	-34.89716372968548	-8.063685383957727
Avenida Governador Agamenon Magalhaes - Sentido Olinda	-34.89728835904635	-8.062539765701864
Avenida Governador Agamenon Magalhaes - Sentido Olinda	-34.89731742477332	-8.062276339832062
Avenida Governador Agamenon Magalhaes - Sentido Olinda	-34.89751112470709	-8.060504801013652
Avenida Governador Agamenon Magalhaes - Sentido Olinda	-34.89767483777675	-8.05900870449406
Avenida Governador Agamenon Magalhaes - Sentido Olinda	-34.89769242087921	-8.058797600501661
Avenida Governador Agamenon Magalhaes - Sentido Olinda	-34.89769529084449	-8.058714476779231
Avenida Governador Agamenon Magalhaes - Sentido Olinda	-34.89769683368991	-8.058626164798197
Avenida Governador Agamenon Magalhaes - Sentido Olinda	-34.89769762522742	-8.058516429385547
Avenida Governador Agamenon Magalhaes - Sentido Olinda	-34.89769242026115	-8.057958704525511
Avenida Governador Agamenon Magalhaes - Sentido Olinda	-34.89767956140397	-8.05680690527044
Avenida Governador Agamenon Magalhaes - Sentido Olinda	-34.897678567184805	-8.056453690482963
Avenida Governador Agamenon Magalhaes - Sentido Olinda	-34.8976732877163	-8.056019657625889
Avenida Governador Agamenon Magalhaes - Sentido Olinda	-34.897664493926	-8.055914998637292
Avenida Governador Agamenon Magalhaes - Sentido Olinda	-34.89765332979208	-8.055825933825373
Avenida Governador Agamenon Magalhaes - Sentido Olinda	-34.89762878091878	-8.055695538050996
Avenida Governador Agamenon Magalhaes - Sentido Olinda	-34.89760388639418	-8.055595823314354
Avenida Governador Agamenon Magalhaes - Sentido Olinda	-34.897573110666016	-8.055492239984767
Avenida Governador Agamenon Magalhaes - Sentido Olinda	-34.89752264394422	-8.05535709436576
Avenida Governador Agamenon Magalhaes - Sentido Olinda	-34.89748068061624	-8.055264276242383
Avenida Governador Agamenon Magalhaes - Sentido Olinda	-34.897443705269836	-8.055193348922515
Avenida Governador Agamenon Magalhaes - Sentido Olinda	-34.897349136358926	-8.055030649712936
Avenida Governador Agamenon Magalhaes - Sentido Olinda	-34.89729355159381	-8.054950555931631
Avenida Governador Agamenon Magalhaes - Sentido Olinda	-34.8969257629552	-8.054453107384166
Avenida Governador Agamenon Magalhaes - Sentido Olinda	-34.896824965244114	-8.054316733449832
Avenida Governador Agamenon Magalhaes - Sentido Olinda	-34.89647855946653	-8.053846699463564
Avenida Governador Agamenon Magalhaes - Sentido Olinda	-34.89604607053922	-8.053252153626659
Avenida Governador Agamenon Magalhaes - Sentido Olinda	-34.89546975935896	-8.052409670378838
Avenida Governador Agamenon Magalhaes - Sentido Olinda	-34.895092841379586	-8.051839214870322
Avenida Governador Agamenon Magalhaes - Sentido Olinda	-34.894977869251264	-8.051701444724133
Avenida Governador Agamenon Magalhaes - Sentido Olinda	-34.89474974601175	-8.051397164275707
Avenida Governador Agamenon Magalhaes - Sentido Olinda	-34.89439392332857	-8.050949815239312
Avenida Governador Agamenon Magalhaes - Sentido Olinda	-34.89424645164871	-8.050757653471349
Avenida Governador Agamenon Magalhaes - Sentido Olinda	-34.89382770220522	-8.050226834214087
Avenida Governador Agamenon Magalhaes - Sentido Olinda	-34.89358783438557	-8.049918224129106
Avenida Governador Agamenon Magalhaes - Sentido Olinda	-34.89305895212967	-8.049238896972115
Avenida Governador Agamenon Magalhaes - Sentido Olinda	-34.89279304369299	-8.048898752770157
Avenida Governador Agamenon Magalhaes - Sentido Boa Viagem	-34.89324202520582	-8.048680616388411
Avenida Governador Agamenon Magalhaes - Sentido Boa Viagem	-34.89518517683614	-8.051180518470016
Avenida Governador Agamenon Magalhaes - Sentido Boa Viagem	-34.89538796479703	-8.051447662012153
Avenida Governador Agamenon Magalhaes - Sentido Boa Viagem	-34.89592022762454	-8.052195754274607
Avenida Governador Agamenon Magalhaes - Sentido Boa Viagem	-34.89609521480742	-8.0524732522042
Avenida Governador Agamenon Magalhaes - Sentido Boa Viagem	-34.89653565041347	-8.053095762540051
Avenida Governador Agamenon Magalhaes - Sentido Boa Viagem	-34.89676944916052	-8.053411702620338
Avenida Governador Agamenon Magalhaes - Sentido Boa Viagem	-34.897627068128074	-8.054580494269828
Avenida Governador Agamenon Magalhaes - Sentido Boa Viagem	-34.89765360160429	-8.05461251187073
Avenida Governador Agamenon Magalhaes - Sentido Boa Viagem	-34.897678304579415	-8.054644903170336
Avenida Governador Agamenon Magalhaes - Sentido Boa Viagem	-34.89770339101251	-8.054680945007888
Avenida Governador Agamenon Magalhaes - Sentido Boa Viagem	-34.89773402681089	-8.054728283339836
Avenida Governador Agamenon Magalhaes - Sentido Boa Viagem	-34.89778164822447	-8.054803300658989
Avenida Governador Agamenon Magalhaes - Sentido Boa Viagem	-34.89781268110942	-8.054857211309171
Avenida Governador Agamenon Magalhaes - Sentido Boa Viagem	-34.89788032179835	-8.05498180744289
Avenida Governador Agamenon Magalhaes - Sentido Boa Viagem	-34.89793915091896	-8.055102792021122
Avenida Governador Agamenon Magalhaes - Sentido Boa Viagem	-34.89796507834275	-8.055162022132656
Avenida Governador Agamenon Magalhaes - Sentido Boa Viagem	-34.89798249763914	-8.055204125741708
Avenida Governador Agamenon Magalhaes - Sentido Boa Viagem	-34.89800604660997	-8.055264097318227
Avenida Governador Agamenon Magalhaes - Sentido Boa Viagem	-34.8980223861606	-8.055310406081853
Avenida Governador Agamenon Magalhaes - Sentido Boa Viagem	-34.89805363694619	-8.055411065305732
Avenida Governador Agamenon Magalhaes - Sentido Boa Viagem	-34.89807485937946	-8.055482917660902
Avenida Governador Agamenon Magalhaes - Sentido Boa Viagem	-34.89809503184845	-8.05556536658288
Avenida Governador Agamenon Magalhaes - Sentido Boa Viagem	-34.898111119007666	-8.055636147007508
Avenida Governador Agamenon Magalhaes - Sentido Boa Viagem	-34.89812461555227	-8.05570146095089
Avenida Governador Agamenon Magalhaes - Sentido Boa Viagem	-34.89813550446131	-8.055757656178857
Avenida Governador Agamenon Magalhaes - Sentido Boa Viagem	-34.89814158197283	-8.055803647198914
Avenida Governador Agamenon Magalhaes - Sentido Boa Viagem	-34.89815042030145	-8.055891627045444
Avenida Governador Agamenon Magalhaes - Sentido Boa Viagem	-34.898154653694775	-8.055935069981079
Avenida Governador Agamenon Magalhaes - Sentido Boa Viagem	-34.898160891197634	-8.056015392006364
Avenida Governador Agamenon Magalhaes - Sentido Boa Viagem	-34.898163262929096	-8.056131159367169
Avenida Governador Agamenon Magalhaes - Sentido Boa Viagem	-34.89816959372889	-8.05654603287462
Avenida Governador Agamenon Magalhaes - Sentido Boa Viagem	-34.89817028889907	-8.056852458754081
Avenida Governador Agamenon Magalhaes - Sentido Boa Viagem	-34.898177062700626	-8.057323027971577
Avenida Governador Agamenon Magalhaes - Sentido Boa Viagem	-34.89817714496457	-8.057537235766357
Avenida Governador Agamenon Magalhaes - Sentido Boa Viagem	-34.898188755317925	-8.05829850669965
Avenida Governador Agamenon Magalhaes - Sentido Boa Viagem	-34.89818762110695	-8.058448256790237
Avenida Governador Agamenon Magalhaes - Sentido Boa Viagem	-34.89818347192679	-8.058580124506712
Avenida Governador Agamenon Magalhaes - Sentido Boa Viagem	-34.898181972994955	-8.05873024151627
Avenida Governador Agamenon Magalhaes - Sentido Boa Viagem	-34.89817693430599	-8.058828512070784
Avenida Governador Agamenon Magalhaes - Sentido Boa Viagem	-34.898160370741046	-8.059048640635273
Avenida Governador Agamenon Magalhaes - Sentido Boa Viagem	-34.89814807872832	-8.059202459937728
Avenida Governador Agamenon Magalhaes - Sentido Boa Viagem	-34.898126639865055	-8.059398688430546
Avenida Governador Agamenon Magalhaes - Sentido Boa Viagem	-34.89808270366872	-8.059799915875162
Avenida Governador Agamenon Magalhaes - Sentido Boa Viagem	-34.898041175770054	-8.060206793260157
Avenida Governador Agamenon Magalhaes - Sentido Boa Viagem	-34.89796105073057	-8.060922104638792
Avenida Governador Agamenon Magalhaes - Sentido Boa Viagem	-34.89781661461237	-8.062246919759522
Avenida Governador Agamenon Magalhaes - Sentido Boa Viagem	-34.89778387346512	-8.062534143232604
Avenida Governador Agamenon Magalhaes - Sentido Boa Viagem	-34.897721827378824	-8.063079264460848
Avenida Governador Agamenon Magalhaes - Sentido Boa Viagem	-34.89765125070992	-8.06374002093778
